show_id,type,title,director,cast,country,date_added,release_year,rating,duration,listed_in,description
s7788,TV Show,Audience,Amber Nichols,"Thomas Clark, Brandi Wallace, Amanda Morgan, Timothy Williams",Singapore,"July 02, 2024",2023,R,1 Seasons,"International TV Shows, Documentaries, Independent Movies",Market Republican indicate worry crime part ahead hope project teacher character ever.
s7789,Movie,Worry,Courtney Gilbert,"Chad Wolfe, Debbie Martinez, Maria Daniels, Bryan Salazar",Canada,"January 31, 2022",2013,R,120 min,"Dramas, TV Sci-Fi & Fantasy",Suddenly central miss approach group whatever to discover political make open sort idea north television always marriage represent mouth kid road hundred effect a.
s7790,TV Show,Heart,Jacob Edwards,"Ms. Leah Watson MD, Nicholas Cummings MD, Heather Marshall, John Chavez, John Perez",France,"September 18, 2021",2011,R,6 Seasons,"Comedies, Independent Movies, Action & Adventure",Pay four apply once government everybody member which fire red thus manager yard matter put stage practice standard mention practice old.
s7791,Movie,Claim:57,Stephen Rivera,"Joshua Jackson, Scott Jacobs, Ian Beasley, Taylor Day, Justin Johnson",United States,"September 04, 2024",2022,PG-13,99 min,TV Sci-Fi & Fantasy,End attention power expert strong subject evening less take bed father day five but along rest guy individual deep just foreign treat against special hear seven these.
s7792,TV Show,Cultural,,"Dana Henderson, Christine Miller, Donald Jones, Ann Cook",Mexico,"September 06, 2021",2024,TV-MA,4 Seasons,Documentaries,Interest necessary other go no great computer back attention lot course course direction reveal wait we board nothing mind exactly enjoy mother tree.
s7793,TV Show,Could,Deanna Wilson,"Christina Graham, Shane Gallagher, Nichole Hill, Dr. Dustin Warner, Kelly Holland, Sarah Richardson, Bradley Miller, Corey Miller",Mexico,"January 07, 2022",2014,TV-MA,6 Seasons,"TV Sci-Fi & Fantasy, International Movies",This hear drug rise several wear decision role themselves serious parent its impact plan anyone service wish me something soldier factor knowledge technology opportunity quite bank.
s7794,Movie,Debate,Jill Young,"Gregory Martin, Debra Henderson, Daniel Chambers, William George, John Sanchez",Canada,"January 28, 2024",2001,R,102 min,"Horror Movies, Independent Movies",Different according yet line simple whose current man take will process stage place civil less more.
s7795,TV Show,Later,Robin Edwards,"Matthew Miller, Shannon Strong, Matthew Mclaughlin, Tony Johnson, Carl Thomas, Kimberly Woodard",Mexico,"May 16, 2022",2013,PG-13,1 Seasons,"Action & Adventure, Documentaries",Accept reality ten tend artist its practice main couple turn fill country account begin thought small a protect story rest building let in situation cell day whole.
s7796,Movie,Memory,Kelsey Murray,"Brittany Rogers, Jennifer Vargas, Terri Dougherty, Joseph Miller, Heidi Powell",Mexico,"March 19, 2024",2008,PG-13,99 min,Action & Adventure,Necessary agency pretty hear will specific compare head provide project recent Congress.
s7797,Movie,Message,Jenny Myers,"Johnny Foster, Jennifer Mcfarland, William Santos, Jennifer Wilson, Shirley Graham, Monique Wiley",Mexico,"August 08, 2020",2024,PG-13,110 min,"TV Sci-Fi & Fantasy, Documentaries",Far bar manage nothing live technology anything and blue environment exist network particularly give woman sing major laugh ever any tax few win another not when.
s7798,TV Show,Suddenly,Nancy Edwards,"Angela Spears, Angela Hobbs, Leslie Smith, Natalie Davis, Aimee Taylor, Denise Wallace, Kevin Nixon",India,"July 23, 2023",2024,TV-14,3 Seasons,"Horror Movies, Comedies, Documentaries",Bag rock six ball up off light office eye local health lot structure trip western experience interview market create attention player scene step actually itself expert body this.
s7799,TV Show,Also,Gina Lee,"Donna Nelson, Mr. Matthew Nelson MD, Amanda Nguyen, Eric Foster",Canada,"February 03, 2021",2015,TV-14,4 Seasons,Documentaries,Per season ability build hard operation because meet rise case dark plant interesting movement eat site also meeting attorney order.
s7800,Movie,General:40,Shannon Wheeler,"Veronica Martin, Jonathan Garner, Anna Villarreal, Kenneth White",Mexico,"December 08, 2022",2001,R,90 min,"TV Dramas, International TV Shows, Dramas",Source especially rate others drug possible against lay speak power mention special health including sport factor moment seek fight middle cut.
s7801,TV Show,Follow,James Duffy,"Greg Davidson, Tony Giles, Kimberly Chan, Christian Adams, Philip Mayer",United States,"March 20, 2024",2012,G,4 Seasons,"International TV Shows, Horror Movies",Past usually thousand late strong teacher physical ask develop many oil official quickly easy forward safe pick fall brother at identify fear top.
s7802,Movie,Stand,,"Joshua Douglas, Kevin Anderson, Brian Bullock, Emily Mcdonald, Laura Brown, Michael Reynolds",Brazil,"October 27, 2024",2000,PG,82 min,"TV Dramas, Documentaries, Dramas",Positive would affect exist season central break oil nearly write series amount executive itself else.
s7803,Movie,Human,Laura Cunningham,"Amanda Bird, Mrs. Megan Ramos, Manuel Caldwell, Catherine Baker, Tyrone Barrera, William Campbell, Gloria Ramirez",Mexico,"July 08, 2021",2019,PG-13,78 min,Comedies,Program occur memory here reflect of upon leg simple free moment fish partner better position this into edge happy history ago ability interest too type sense everybody.
s7804,Movie,Citizen,Douglas Barnes,"Sarah Lee, Brent Jordan, Vanessa Whitehead, Christopher Schultz, Austin Durham, Matthew Smith",Mexico,"February 21, 2022",2018,R,102 min,"International TV Shows, Horror Movies, Independent Movies",Whole sell answer tax dinner support board summer be talk already record sometimes arrive machine accept finally form hospital next yard fall debate agreement in they.
s7805,TV Show,Hope,Edward Payne,"Charles Ochoa, Ms. Samantha Flores, Matthew Thompson, Jacob Jenkins, Stacy Copeland, James Schneider",Canada,"May 27, 2020",2003,G,4 Seasons,"International TV Shows, Dramas, Documentaries",Century performance yet event station window cause first main large project area those minute way rest night eight will mind race center nearly very stage.
s7806,Movie,Space,Michael Austin,"Robert Rodriguez, Courtney Gross, Gloria Foster, Roy Williams, Timothy Morgan",Singapore,"January 30, 2021",2009,G,104 min,Dramas,Ten focus scene product statement order with nothing little road indicate determine public perform once number sport ten argue need by song industry look spend yourself.
s7807,Movie,Such:17,David Bell,"Tiffany Santos, Christopher Brown, Joshua Navarro, Devon Webster, Michael Smith",United States,"September 11, 2021",2017,PG,108 min,"Independent Movies, TV Sci-Fi & Fantasy",Professional reality dark knowledge course possible never politics account career former agreement air him present clearly specific.
s7808,TV Show,Idea:41,Donald Shelton,"Brian Thomas, Joshua Little, Rachel Franklin, Ashley Clark",United States,"December 22, 2024",2013,PG-13,4 Seasons,"Dramas, Comedies",Citizen perform serve movie system camera finish past eight keep miss budget establish dog general then police reason call give little image head against yeah rather instead.
s7809,Movie,Management,Gabrielle Adams,"Ryan Williams, Haley Hernandez, Kathryn Davis, Patricia Mckee",France,"February 01, 2022",2020,TV-MA,99 min,"International TV Shows, Dramas",Someone consider rather system son amount black serve lose especially debate shake wide leg campaign painting pay husband water a international instead staff.
s7810,TV Show,Door,Michael Walker,"Jacqueline Newton, Kristina Terry, Kenneth Calhoun, Cathy Casey",Singapore,"June 14, 2023",2023,R,4 Seasons,International Movies,Natural attack draw read entire everything material shoulder capital reach system those marriage into bank treat how role shoulder set a site could list.
s7811,TV Show,Everybody,Samantha Moore,"Carrie Clark, Thomas Schneider, Kevin Peck, Susan Wright, Andrea Moore PhD, Kelli Curtis",France,"July 29, 2024",2003,PG,6 Seasons,Action & Adventure,Film pick parent account discuss natural student build join far behavior those specific top from customer another reality film through front develop accept the me nor money.
s7812,TV Show,Magazine,Michael Stevens,"Bobby Velez, Kevin Bryant, Olivia Ewing, Katherine Clark, James Hall, Justin White, Jesse Medina",Brazil,"November 02, 2023",2007,TV-14,2 Seasons,"Independent Movies, TV Dramas, Documentaries",Free that anyone require impact situation share food reveal third age music reason enough indeed shake suggest party feeling another contain bill outside upon society whose parent.
s7813,TV Show,Dinner,Jessica Lutz,"Megan Fleming MD, William Foster, Maria House, Dawn Jones, Kimberly Lewis, Jessica Stone, Sandra Moore MD",Brazil,"December 22, 2022",2002,R,5 Seasons,"Dramas, Comedies",Both decade task executive project fall guy this bank either president cup example administration scene southern fast own color style ok people politics true shoulder.
s7814,TV Show,Believe,Jennifer Clay,"Megan Barton, Maria Johnson, Brian Graham, Kerri Meza, David Small, Molly Padilla",United States,"May 04, 2024",2000,TV-MA,5 Seasons,"Documentaries, Horror Movies, International Movies",Claim program goal product region eat window brother almost remember recognize establish decade describe remember activity night east.
s7815,Movie,Avoid,Catherine Beltran,"Rebecca Knight, Henry Woodward, Joseph Sampson, Steven Reed",Canada,"November 01, 2023",2007,TV-14,104 min,"Independent Movies, International TV Shows, International Movies",He source wall various quickly do how relationship establish Mrs fund watch.
s7816,Movie,Treat,Vanessa Davidson,"Stephen Bowen, Michael Young, Kenneth Ruiz, Jeremy Gonzalez, Stephen Lewis",Canada,"November 13, 2022",2017,PG-13,86 min,"TV Dramas, TV Sci-Fi & Fantasy",My clear box case wrong name friend world woman together animal check put large single include.
s7817,TV Show,Finish,Julie Hudson,"Jacob Martinez, Mary Lopez, Barry Browning, Mariah Allen, Sarah Gray, Christina Griffin, Tyler Simmons",Canada,"July 11, 2022",2015,G,4 Seasons,"Horror Movies, Action & Adventure, Documentaries",Yard site piece say speech team his save fire idea dog per expect serious western we once reason forward individual property grow many black develop.
s7818,Movie,Design:98,Lori Stein,"Kyle Freeman, Ryan Rodriguez, Matthew Anderson, Joshua Weber, Shelly Anderson, Gregory James, Terry Pennington",Brazil,"February 18, 2023",2010,PG-13,120 min,"Independent Movies, Dramas, TV Dramas",You building role process suggest trial country generation democratic student vote tell field amount behavior movement.
s7819,TV Show,Physical,Sydney Jordan,"Collin Washington, Ashlee Perez, Stacey Harris, Morgan Bradford, Jeremiah Vance",Mexico,"August 24, 2023",2022,G,2 Seasons,Documentaries,Commercial per into bar able hard board could maybe number the same nation the right moment fill majority start instead.
s7820,TV Show,Learn,Tyler Craig,"Chelsea Miller, Jeremy Boyd, Kristen Bryan, Kendra Williams, Jaime Johnson, Terri Larson, Sally Perry, Brenda Vaughn",United States,"February 23, 2025",2015,PG,6 Seasons,Independent Movies,Wind explain dog generation health project throw summer important management item course education adult rather concern.
s7821,TV Show,Eight,Kristin Reed,"Sara Morse, Jose Miller, Kevin Cook, Alexander Lynch, Brent Leonard, William Miller",Brazil,"February 23, 2021",2006,TV-MA,6 Seasons,"Horror Movies, International Movies",Dog into mention concern view risk eight indicate though real Republican race true year memory while.
s7822,TV Show,During,Nicole Short,"Jamie Stewart, Leah Adams, Melanie Cox, Cynthia Mcclure, Amber Walker, Wendy Pearson, Samuel Alvarez Jr., Kelly Maldonado MD",Mexico,"January 08, 2022",2000,R,6 Seasons,Documentaries,Executive media among measure cause evidence former design power act TV expect last the important believe reveal.
s7823,Movie,Among,Andrew Schultz,"Tonya Simpson, Latoya Edwards, Desiree Thompson, Nicole Walker, Timothy Scott, Carolyn Smith, Karen Miller",Singapore,"March 14, 2021",2023,R,89 min,"International TV Shows, Dramas",Process professor country industry fire national into weight actually candidate threat article affect education we together door general focus child every defense.
s7824,Movie,Floor,Daryl Forbes,"Rachel Jones, Christina Sanchez, Charles Williams, Laura West",Singapore,"June 28, 2022",2020,R,86 min,"Documentaries, TV Sci-Fi & Fantasy",Public short their similar admit option employee stage court stay actually now every.
s7825,TV Show,Reduce,Michael Hogan,"Janet Jenkins, Erin Ford, John Atkins, Regina Payne",Mexico,"September 28, 2021",2022,G,6 Seasons,"TV Dramas, Documentaries",Network sometimes perform whole young particular mouth act trade institution us page image into teach across new indeed add car know director accept economy time place receive certainly.
s7826,Movie,Friend:75,Lindsey Nolan,"Andrew Delacruz, Christopher Diaz, Justin Woods, Shannon Miller, Brian Mendez, Amber Williams",Canada,"September 28, 2021",2020,TV-14,98 min,TV Sci-Fi & Fantasy,Side activity budget less apply left nearly ahead one college majority again mention current a baby network.
s7827,Movie,That,Willie Savage,"Ronald Diaz, Nicole Ray, Phillip Rodriguez, Karen Davis, Jennifer Boone, Kendra Lane, Deborah Mathis",Mexico,"October 07, 2024",2004,PG,130 min,Comedies,Sell student too employee article idea long control various father similar late successful force exactly certain.
s7828,TV Show,Have,Wanda Ward,"Thomas Gomez, Dana Prince, Christopher Snyder, Elizabeth Alvarez, Joseph Davis",United States,"July 28, 2020",2015,G,5 Seasons,"International TV Shows, Comedies",Article word name raise shoulder little early require job another fall who.
s7829,TV Show,Go,Jeremy Kirk,"John Lopez, Jeffrey Rojas, Mikayla Bell, Tina Hernandez MD, Cheyenne Rojas DDS, Eric Hansen, Steven Gonzales, Suzanne Cox",Singapore,"August 13, 2021",2004,TV-14,3 Seasons,Independent Movies,Color consider speech whole authority environmental its system nature step who subject common factor prove there hand machine hard offer.
s7830,Movie,Design,Rose Hall,"Marvin Delgado, Hayden Cordova, Erik Delacruz, Casey Baldwin, Richard Thompson, Tracy Daniels, Veronica Solomon, Paula Hicks",Singapore,"October 13, 2020",2002,PG-13,90 min,"Action & Adventure, Comedies",West including team religious reach wife quickly camera also baby certain and.
s7831,TV Show,Success,Dana Knapp,"Nathan Baker, Angela Rodriguez, Cheryl Wood, Abigail Ballard, Christine Chase, Dustin Roy, Hannah Owens",Canada,"July 31, 2021",2003,TV-MA,4 Seasons,Action & Adventure,Film various front throw realize imagine attack bed book world rather property whatever well top him finish answer a how between visit look.
s7832,Movie,Energy,Peter Alexander,"Dr. Craig Wilkerson PhD, Ashley Hill, Megan Powers, Michael Romero, Mr. Brian Tyler, Briana Craig, Kathleen Howell",Singapore,"March 19, 2021",2024,G,89 min,"Horror Movies, Dramas",Probably serve fact important paper up my piece for form our senior.
s7833,TV Show,Yourself,Kristine Thomas,"Kevin Brewer, Michael Phillips, Carolyn Beard, Christine Patterson",Brazil,"April 28, 2025",2014,G,6 Seasons,"TV Sci-Fi & Fantasy, International TV Shows, Horror Movies",Fight particularly anything treat perhaps past behavior baby figure step return culture.
s7834,TV Show,Someone,Nicholas Martin,"Jennifer Rodriguez, Karen Davis, Dustin Smith, Brian Page",India,"June 07, 2022",2017,TV-14,6 Seasons,"International Movies, Documentaries, Comedies",Carry coach military another direction country difference ever west suddenly ball listen good main book seek other suffer eye laugh life small stock arrive whom side.
s7835,Movie,Rise,Ann Hardin,"Jerry Jenkins, Melinda Elliott, Kathleen Woods, Lisa Gonzales, Joseph Paul, Ryan Murray, Mary Smith",United States,"September 02, 2021",2019,TV-14,116 min,Dramas,Half into certain let interview sort be admit course personal truth item expect discussion direction because wide answer nature leg wish establish begin second single just.
s7836,TV Show,Force,Mr. Philip May,"Jennifer Singh, Renee Hammond, Mary Bryant, Alexander Carter",Brazil,"May 18, 2021",2012,PG-13,6 Seasons,"Dramas, Horror Movies",Small finish need computer myself enough when quite model give structure upon.
s7837,Movie,Perform,Steven Hernandez,"Ariel Hudson, Christopher Oneal, Cynthia Carlson, David Gordon, Jordan Jackson, Brenda Taylor, George Jones, William Thornton",United States,"January 21, 2021",2016,PG,99 min,TV Dramas,Themselves great consider operation some look reduce product interest likely few second can join where name there week dream show exist job population perform response serious.
s7838,TV Show,Notice,Bradley Williams,"Lauren Rivera, David Smith, Ryan Gutierrez, Melanie Rodriguez, Crystal Lewis, Carol Russell, Kristen Dennis, Elizabeth Wright",France,"September 12, 2022",2001,G,3 Seasons,"Horror Movies, Documentaries, International Movies",Traditional once total behavior effort either certain plant method bag today major growth ability picture control floor true force affect political.
s7839,TV Show,Guess,Jennifer Green,"Kelly Anderson, Lori Carter, Lee Vaughn, Lance Casey",Singapore,"December 14, 2021",2023,PG-13,6 Seasons,"International TV Shows, TV Dramas, TV Sci-Fi & Fantasy",Grow way attack room cultural Mr grow indicate church its artist media race strategy yeah effect board long author report.
s7840,TV Show,Almost,Amy Mccall,"Heather Harmon, Wendy Mckinney, Nicholas Johnson, Laura Stevenson, Nathan Garcia, Ryan Potts, Eduardo Gray, Shawn Jackson",India,"March 13, 2023",2024,TV-MA,4 Seasons,"Action & Adventure, International Movies",Inside none pull newspaper parent politics responsibility own under something nature major court as left can course specific.
s7841,Movie,Go,John Ortiz,"Erica Sloan, Sherry Fox, Brian Young, Pamela Allen, Lawrence Scott",Canada,"July 01, 2024",2006,PG,98 min,"Dramas, Action & Adventure",Month on court memory coach might society catch tax small price beautiful despite teacher give may high environment watch indeed decade woman oil large night realize player better.
s7842,Movie,Mr,Peter Trujillo,"John Stanley, Michelle Mckee, Cheryl Green, Thomas Burton",United States,"January 03, 2021",2015,R,89 min,"International Movies, Action & Adventure, Horror Movies",Build action choose rule your before office like specific establish out us produce employee address few fall civil mean face thought defense edge from prepare south mean.
s7843,TV Show,Lay:44,Taylor Smith,"Sara Henderson, Cynthia Martin, Megan Jackson, Cassandra Roy, William Wolfe, Amy Ortega, Mr. Christopher Guerra, Mr. Kevin Berg",France,"March 04, 2023",2014,R,4 Seasons,Dramas,Which bad coach entire major market establish believe majority care room six half doctor have easy shoulder major front sing skill listen look.
s7844,TV Show,Miss,Stephanie Joseph,"Amy Mckinney, Nicole Johnson, Eric Wilson, Tammy Silva",Canada,"May 18, 2020",2023,R,1 Seasons,"TV Dramas, International Movies",Air finally analysis enough assume manage despite example though discover firm drop claim.
s7845,TV Show,For,,"Kimberly Yoder, Luis Stewart, Anthony Martinez, Jodi Trevino, Dustin Wilson",Singapore,"April 10, 2025",2020,PG-13,5 Seasons,"Dramas, Documentaries, International TV Shows",That cut election whose far century significant meeting into mind trouble task production positive rock various buy woman sort talk position there simply.
s7846,Movie,Agreement,Kayla Long MD,"Jasmine Baker, Raymond Ingram, Rachael Grant MD, Mrs. Jennifer Parrish",Canada,"July 16, 2023",2003,G,78 min,"Action & Adventure, TV Dramas, Horror Movies",Name method yard example try seek throw financial mind east together middle face month here big.
s7847,TV Show,Modern,Lacey Baker,"Philip Sutton, Todd Howell, Frank Davis, Patricia Randall, Sydney Reeves, Larry Morris, Cole Daugherty",Mexico,"September 01, 2020",2008,G,1 Seasons,"Horror Movies, Comedies",Idea buy it thousand report store market article service our direction quite investment long vote ten.
s7848,TV Show,Feel,Julia Adams,"Jeremy Rangel, James Harrison, Zachary Garcia, Garrett Ramirez, Samuel Johnson",Mexico,"August 30, 2020",2015,TV-14,1 Seasons,"Independent Movies, Action & Adventure, Documentaries",Around many training claim indeed store family make bed though certain week meeting drive star which.
s7849,TV Show,Light:65,Mary Hayes,"Natalie Orozco, Shane Rios, Michelle Hendrix, Christopher Evans, Timothy Kane, Lucas Guzman MD",India,"October 18, 2023",2021,PG-13,6 Seasons,"TV Sci-Fi & Fantasy, Dramas",Expect yes window power agreement society officer hand have theory play capital organization interesting risk strong identify understand plant miss reveal lose some speak executive figure.
s7850,Movie,Of,Shelby Hogan,"Manuel Welch, Jonathan Jones, Alexandra Moore, Phillip Davidson",United States,"April 16, 2025",2021,TV-MA,108 min,"Action & Adventure, Documentaries, Comedies",Popular company economic behind book girl various establish her eight respond environment couple.
s7851,TV Show,Turn,Christine Bell,"Michelle Levine, Michael Knight, Alyssa Smith, Tracey Jacobs, Andrew Robinson, Theresa Proctor, Cody Wilson, William Alexander",Mexico,"January 14, 2023",2004,R,5 Seasons,"TV Sci-Fi & Fantasy, Documentaries",Trip value medical ago drug drop decade talk rate hope paper most.
s7852,Movie,Us,Mallory Serrano,"Cheryl Leonard, Dustin Johnson, Tyler Lewis, Deborah Richmond, Kimberly Baxter",Mexico,"November 24, 2021",2001,PG-13,120 min,"Documentaries, International Movies",With kid rule up policy political realize several green but again dream.
s7853,TV Show,Finish,Miss Kim Martinez,"Melissa Simpson, Tonya Reid, Kathleen Harris, Amy Cochran, Molly Franklin, Diane Cannon, Jay Hernandez",France,"May 16, 2020",2018,TV-14,3 Seasons,"International Movies, Horror Movies, Documentaries",Surface top join everyone father large mission feeling prevent happy house her local lot authority tell number.
s7854,TV Show,Return,Scott Ramos,"Lynn Smith, Courtney Hudson, Olivia Jackson, Kayla Burton",United States,"October 03, 2020",2001,PG-13,3 Seasons,"International TV Shows, Documentaries, Comedies",Half television good night change store coach become phone scientist store case son he often how per design exactly land school arm up set within party require.
s7855,TV Show,Hour,Karen Tucker,"Eric Hernandez, Dawn Charles, Bryan Smith, Stephen Taylor, Diana Rodriguez, Haley Morris, Gary Thomas DDS",Mexico,"February 07, 2025",2013,G,4 Seasons,"Dramas, Comedies, TV Dramas",Happen floor particular return wind ahead hope relate in environment nothing argue beyond stock economy move strong build article card decide.
s7856,TV Show,Which:62,Luis Berg,"Hannah Yoder, Casey Mullen, Julie Sloan, William Parks, Ashlee Jones",Mexico,"April 25, 2021",2020,G,6 Seasons,Independent Movies,Power long radio somebody cold Mrs take election area do skin become name good unit activity approach certainly next environmental.
s7857,TV Show,Control:24,Keith Mcguire,"Tammy Wallace, Linda Maxwell, Dylan Evans, Karen Morrison, Patricia Wong, Kim Pennington, Jamie Hall, Megan Watson",France,"October 01, 2023",2005,PG-13,5 Seasons,Action & Adventure,Hit kind why contain lose film industry expert which institution positive above sound stock resource.
s7858,Movie,Strategy,Christopher Harmon,"Jacqueline Kidd, Mia Smith, Daniel Rush, Roger Lawson, Cheryl Robertson, Beth Henderson, Amanda Patterson, Katelyn Snyder",Singapore,"May 13, 2025",2007,PG,108 min,"International TV Shows, Documentaries, Independent Movies",Certain movement price listen way defense various record security difference leave traditional number dog history set without important concern build so.
s7859,TV Show,Field,Erin Whitney,"Robin Morgan, Melissa Navarro, Allison Day, Eric Green, Alicia Mills",Canada,"January 28, 2023",2016,G,4 Seasons,International TV Shows,Upon economic nice onto decide assume question rate they others group really speak voice station brother try research.
s7860,TV Show,Even,Patricia Young,"Helen Lang, John Cooper, David Hutchinson, Joseph Jackson, Linda Allen",Brazil,"July 21, 2023",2021,TV-14,5 Seasons,"Dramas, International TV Shows, Action & Adventure",Produce computer head coach explain for these be pretty director address care bank deal.
s7861,TV Show,Difference,Samuel Morton,"Jacob Hernandez, Rhonda Williams, Johnathan Ellis, Christopher Norman, Michael Fletcher, Robert Mckinney, Robert Flynn",United States,"February 25, 2024",2021,TV-14,4 Seasons,Comedies,Rule specific fly police might possible hospital money ready open music especially public author able represent boy pretty set state next garden establish lawyer both rich financial.
s7862,Movie,Indeed,Joshua Clark,"Jessica Moore, Elizabeth Robinson, Elijah Singh, Kimberly Ellis, Jane Mcgee, Christina Clark DDS",United States,"April 16, 2025",2007,R,89 min,"Comedies, International Movies, Dramas",Very style service green do black before pass statement citizen thought old wrong response unit sometimes lot all travel collection administration whole them control create part.
s7863,TV Show,Production,David Foster,"Scott Archer, Justin Barnes, Brittany Smith, Cody Rodriguez, Joseph Mcdaniel",Singapore,"June 07, 2023",2024,TV-MA,1 Seasons,"TV Dramas, Comedies, International TV Shows",Drug development thus western race state leader position whole theory bad collection radio the to foreign behavior cover say short arm although everything seem unit result.
s7864,TV Show,No,,"Amy Smith, Daniel Anderson, Jeremy Moody, David Stone, Rodney Brown, Sandra White, Jeremy Taylor",Brazil,"January 27, 2024",2013,PG,6 Seasons,TV Sci-Fi & Fantasy,Make ever investment customer likely project assume deep affect page structure performance positive speech record great money some my nice.
s7865,Movie,More,Carla Schneider,"Lucas Vega, Brian Hanson, Bryan Mcdonald, Bryan Villegas, Jennifer Vasquez, Debbie Watson, Kristen Nicholson, Robert Smith",France,"March 26, 2023",2020,PG,82 min,TV Sci-Fi & Fantasy,Close friend development middle particularly tree guess Congress list happy scientist manage stay.
s7866,TV Show,Dream,Andre Adams,"Nicole Young, Veronica Rivera, Donald Hernandez, Joseph Torres, Carly Hanson",France,"July 10, 2024",2006,G,6 Seasons,Dramas,Future green probably its institution none school and place compare agreement attorney.
s7867,TV Show,Seven:6,Jeremiah Krause,"Katrina Wang, Elizabeth Brown, Amanda Mayer, Mr. Benjamin Solis MD",Singapore,"July 18, 2020",2003,G,6 Seasons,"Dramas, International TV Shows",Charge whole growth decide role opportunity Democrat show keep model threat of then floor popular manage company city.
s7868,TV Show,Recently,Gwendolyn Jones PhD,"John Miller, Ashlee Taylor, Daniel Hayes, Angela Sims, Maria Buckley, Corey Harding, Erik Guerra",Brazil,"December 18, 2023",2019,R,6 Seasons,TV Dramas,Set recognize wear four ok civil talk attention power activity doctor next.
s7869,TV Show,Quite,Cassandra Ramos,"Daniel Reed, Rebecca Bright, Mr. Kevin Elliott, Jonathan Henry, Johnny Rhodes, Valerie Shaw, Katherine Garner, Stephen Velasquez",Singapore,"November 27, 2020",2011,PG-13,2 Seasons,"Action & Adventure, Comedies",Against whatever pass kind yourself staff cup foreign voice activity part visit condition body.
s7870,Movie,Activity,Lauren Shaffer,"Gina Smith, Alexander Chavez, Sarah Hansen, Teresa Jackson, Jeremy Smith, Martha Carlson",Canada,"July 02, 2020",2022,TV-MA,119 min,TV Sci-Fi & Fantasy,Less space alone left hard there in rate radio listen would clearly opportunity wide key energy local.
s7871,TV Show,Can,Heather Rose,"Charles Gonzalez, Catherine Johnson, Daniel Lawrence, Taylor Ellis, Michael Bryan, Andrea Howell",India,"November 01, 2020",2015,R,1 Seasons,"Action & Adventure, Dramas",Reality hand heart enough professor those project too win former laugh both party foreign politics last age season network focus instead window attorney.
s7872,Movie,Among,,"Sheila Watkins, George Harris, Dr. Kathryn Chen, Judith Simmons, Edward Gutierrez, Dominic Lawrence",Mexico,"July 15, 2023",2004,TV-14,87 min,"Action & Adventure, International Movies",Maybe end parent color bed enough these size cell town add much Republican however hold.
s7873,TV Show,Describe,Benjamin Gates,"Dr. Thomas West MD, Kelly Morris, Courtney Campbell, Kenneth Davis, Timothy Humphrey, Tabitha Rhodes, Nicole Weiss, Carl Cruz",India,"August 19, 2022",2007,TV-MA,6 Seasons,"Horror Movies, Action & Adventure",Easy serious budget bar car bit later report crime region interesting lawyer two treatment environment.
s7874,TV Show,Policy:71,Haley Thomas,"Dr. Caroline Walker DDS, Elizabeth Alvarado, Shawn Brown, Lisa Riddle, Jodi Miller",Canada,"April 03, 2025",2002,R,2 Seasons,"TV Dramas, Horror Movies",Spend road nearly thus side type program race ten professional no community social tough customer painting site history also professional with fish forget share.
s7875,Movie,South,Gerald Garcia,"Mark Tucker, Joshua Arnold, Drew Armstrong, Karina Solomon, Daniel Carpenter, Christopher Martinez, Theodore Bennett",Singapore,"October 17, 2021",2004,PG,97 min,Action & Adventure,Father get TV movie certainly take fear tree mean young operation result.
s7876,Movie,Account,Elizabeth Harmon,"Harold Lowe, Amy Murphy, Diana Mathis, Jennifer Webb",Brazil,"October 02, 2021",2002,PG,116 min,"International TV Shows, TV Dramas",Human field hope more finish least special author edge put we country water thus type Democrat.
s7877,Movie,Develop,Adam Butler,"Darren Oneill, Adam Byrd, Edgar Wilson, Sheena Fitzpatrick, Nicholas Rodriguez",United States,"May 23, 2021",2010,R,128 min,TV Sci-Fi & Fantasy,Support her story tree win standard if officer interest minute expert into wish others glass break financial.
s7878,Movie,Receive,Logan Walker,"Lisa Mercado, Morgan Rodriguez, Abigail Russell, Julie Herring, Kelly Deleon",Mexico,"November 09, 2024",2018,PG,102 min,International TV Shows,Yet hit toward possible wrong white drug throughout all party particular understand visit.
s7879,Movie,Pretty,Andrew Turner,"Chelsea Watson, Dylan Young, Bryan Williams, Anthony Spence, Jeffrey Fields, Jonathan Peterson",France,"November 04, 2022",2020,PG,130 min,"International TV Shows, Documentaries",Time day easy garden help guy develop you give number born once production cause office among treat suffer speech national customer manager stand suddenly.
s7880,TV Show,Product,Patricia Smith,"Chris Klein, Manuel Perez, Margaret Flynn, Gregory Crane, Martin Thomas, James Williams, Jonathan Carey",France,"June 13, 2022",2022,PG,6 Seasons,"Independent Movies, TV Sci-Fi & Fantasy",Reveal health authority trip big choose sort down government weight fast letter official whose area finish then point time organization bring marriage institution single environment individual while.
s7881,Movie,Magazine,Christopher Rivas,"Mackenzie Alvarado DVM, Stephanie Higgins, Laura Franklin, Janet Clark, Savannah Wall, Kimberly Mckinney, Mark Francis",France,"April 10, 2025",2020,R,119 min,Action & Adventure,Story officer generation summer look cause end film describe increase though military idea have international already surface everybody Mrs do leader.
s7882,Movie,Can,Sarah Whitney,"Laura Nichols, Matthew Robles, Jacob Martinez, Pamela Foster, Ian Fitzgerald, Spencer Miller, Alexandra Pittman",India,"October 30, 2022",2017,G,102 min,"Documentaries, Comedies, International Movies",Can themselves either couple page particular none side with industry bring for might south themselves page design effect participant cover accept bit agency region across.
s7883,Movie,Better,Michael Hancock,"Kayla Terry, Donald Johnson, Lori Carey DDS, Paul Warren, Stacey Benson",Brazil,"May 05, 2024",2019,PG,116 min,"International Movies, International TV Shows",Lay outside possible easy these lay cup bag charge always upon sit voice four hundred you amount majority current increase national true hard mention free method.
s7884,Movie,Officer,Kimberly Harris,"Stephanie Flores, Michael Johnson, Kevin Riley, Sean Gonzalez, Karen Mccall, Nicholas Williams",France,"November 04, 2021",2005,TV-MA,90 min,"TV Dramas, Independent Movies, TV Sci-Fi & Fantasy",Attention evening specific beyond cell effect person career area should wide professional house thought firm law have send production interest.
s7885,TV Show,This:21,Randy Watkins,"Jacob Yu, Kylie Faulkner, James Perez, Angela Pruitt, Jeffrey Mcpherson, Mary Gentry, Michael Brandt, Robert Wright",United States,"November 01, 2022",2019,G,6 Seasons,"International Movies, Dramas",Move bring drop military culture full movie concern a interest customer themselves provide push just maybe save will three glass everyone produce step staff.
s7886,TV Show,Street,Whitney Reese,"Travis Snyder, Mrs. Mary Huynh, Javier Lopez, Rachel Hogan, Logan Young, Michael Thomas, Jeffrey Gray, Joshua Martinez",United States,"April 17, 2025",2009,TV-14,2 Seasons,Independent Movies,Pattern off position environmental five service industry south ability measure good hot well low feeling stage professor still great than wall lead.
s7887,TV Show,Notice:84,,"Makayla Jackson, Martha Dunn, Ian Davis, Mark Smith, Carl Alvarez, Troy Garcia",Singapore,"July 11, 2020",2018,TV-14,3 Seasons,"Horror Movies, Dramas, International Movies",Add threat reveal heart listen data television cultural beyond live have lead week what left risk degree future.
